male,Mr.,Nicholas,J,John,28 Boar Lane,SHALSTONE,,MK18 0QW,GB,United Kingdom,NicholasJohn@teleworm.us,078 3546 2512,Francis,9/2/1933,Red
female,Ms.,Alisha,T,Barnett,57 Warren St,WEST HAGLEY,,DY9 2BY,GB,United Kingdom,AlishaBarnett@fleckens.hu,079 6770 1164,Warren,6/4/1990,Green
male,Mr.,Dominic,L,Farmer,86 Southlands Road,PONTARDAWE,,SA8 4DU,GB,United Kingdom,DominicFarmer@jourrapide.com,070 2187 6260,Law,11/16/1977,Blue
male,Mr.,Aaron,C,Begum,19 Fulford Road,PENRITH,,CA11 8JR,GB,United Kingdom,AaronBegum@dayrep.com,070 1336 9452,Norman,12/5/1971,Blue
female,Ms.,Abby,A,Griffin,59 Traill Street,ROPLEY SOKE,,SO24 1QR,GB,United Kingdom,AbbyGriffin@cuvox.de,078 2895 9025,Wilkinson,5/8/1987,Purple
female,Ms.,Laura,J,Moss,14 Holburn Lane,HEBDEN GREEN,,CW7 2PA,GB,United Kingdom,LauraMoss@rhyta.com,078 1525 7780,Parker,12/13/1943,Blue
female,Mrs.,Ellie,A,Wheeler,56 Southlands Road,POLNOON,,G76 9YH,GB,United Kingdom,EllieWheeler@cuvox.de,079 7148 1582,Moran,1/1/1995,Purple
female,Mrs.,Danielle,L,Heath,11 Asfordby Rd,AINGERS GREEN,,CO7 2YT,GB,United Kingdom,DanielleHeath@einrot.com,079 4578 6720,Cook,1/29/1950,Brown
male,Mr.,Connor,M,Nixon,18 Temple Way,WINTERSLOW,,SP5 0LL,GB,United Kingdom,ConnorNixon@cuvox.de,077 0081 3002,Godfrey,9/8/1953,Black
female,Ms.,Ellie,T,Harvey,11 Thames Street,BOLTON ABBEY,,BD23 5JR,GB,United Kingdom,EllieHarvey@gustr.com,070 1928 9024,Sullivan,11/21/1934,Purple
male,Mr.,Jay,A,Quinn,70 St Andrews Lane,DALCROSS,,IV1 7TT,GB,United Kingdom,JayQuinn@gustr.com,079 5350 0258,Hall,8/4/1949,Blue
male,Mr.,Bradley,L,Clarke,16 Red Lane,EPPLEWORTH,,HU16 2XP,GB,United Kingdom,BradleyClarke@gustr.com,078 5276 8948,Power,10/6/1973,Blue
female,Mrs.,Molly,L,Horton,46 Golf Road,SWITHLAND,,LE12 1TB,GB,United Kingdom,MollyHorton@armyspy.com,070 3670 4657,Payne,4/19/1984,Orange
female,Ms.,Phoebe,T,Fowler,83 Spilman Street,GOXHILL,,HU11 2TE,GB,United Kingdom,PhoebeFowler@fleckens.hu,078 8671 9757,Jarvis,12/18/1973,Purple
female,Ms.,Maisie,H,Berry,29 Wern Ddu Lane,LUMSDAINE,,TD14 4XH,GB,United Kingdom,MaisieBerry@teleworm.us,077 0227 4158,Warren,6/20/1986,Red
male,Mr.,David,H,Miles,42 Vicar Lane,SANDHUTTON,,YO7 7YZ,GB,United Kingdom,DavidMiles@gustr.com,079 6976 7468,Warren,1/27/1986,Blue
male,Mr.,Louie,S,Thomson,21 Abbey Row,NOTTAGE,,CF36 5EH,GB,United Kingdom,LouieThomson@teleworm.us,078 8716 9159,Holloway,7/17/1969,Blue
female,Ms.,Naomi,C,Spencer,23 Hertingfordbury Rd,NEWMILLS,,IV7 3QR,GB,United Kingdom,NaomiSpencer@dayrep.com,078 5319 7682,Allan,5/13/1973,Green
female,Mrs.,Sofia,B,Fisher,97 Warner Close,HATTON,,TW14 2DY,GB,United Kingdom,SofiaFisher@teleworm.us,077 0062 3696,Richardson,5/9/1969,Black
male,Mr.,Toby,T,Hutchinson,92 Fordham Rd,HALIFAX,,HX1 3PU,GB,United Kingdom,TobyHutchinson@gustr.com,078 3100 8328,Carpenter,11/26/1966,Blue
male,Dr.,Edward,I,Morgan,11 Sea Road,LANDORE,,SA1 0WY,GB,United Kingdom,EdwardMorgan@teleworm.us,070 4886 2818,Holt,6/15/1945,Blue
female,Mrs.,Ellie,M,Lloyd,35 Cheriton Rd,WEST TILBURY,,RM18 4NN,GB,United Kingdom,EllieLloyd@armyspy.com,078 0668 2109,Begum,3/18/1992,Purple
female,Ms.,Kayleigh,R,Miah,47 Scotswood Road,HOLYWELL,,TR8 6LP,GB,United Kingdom,KayleighMiah@cuvox.de,079 4852 0179,Kirk,9/11/1930,Purple
female,Ms.,Ella,W,Jones,30 Brackley Road,TIMBERLAND,,LN4 9UX,GB,United Kingdom,EllaJones@armyspy.com,077 4111 3781,Little,9/27/1974,Purple
female,Ms.,Courtney,L,Cartwright,87 Witney Way,KNABBYGATES,,AB54 7SH,GB,United Kingdom,CourtneyCartwright@rhyta.com,079 3306 2356,Dickinson,12/15/1935,Black
female,Mrs.,Kate,N,Shepherd,80 Wrexham Road,FAXTON,,NN6 5XG,GB,United Kingdom,KateShepherd@rhyta.com,070 2961 6890,Morgan,4/19/1931,Purple
male,Mr.,Andrew,R,Winter,86 South Western Terrace,MILTON,,AB56 5ZX,GB,United Kingdom,AndrewWinter@teleworm.us,070 2137 5563,Smith,5/19/1987,Green
male,Mr.,Joel,G,Bentley,37 Union Terrace,LOCH HEAD,,KA6 2LE,GB,United Kingdom,JoelBentley@fleckens.hu,077 3178 4857,Rahman,8/11/1985,Blue
male,Mr.,Logan,H,Coates,64 Holgate Rd,RADCLIFFE,,NE65 5WD,GB,United Kingdom,LoganCoates@superrito.com,078 7293 0875,Sullivan,1/31/1987,White
female,Mrs.,Anna,J,Clements,53 Exning Road,HAREDEN,,BB7 5PF,GB,United Kingdom,AnnaClements@einrot.com,070 0746 0212,Davis,4/26/1993,Purple
female,Mrs.,Anna,C,Barlow,63 Glandovey Terrace,TREFONEN,,SY10 1BJ,GB,United Kingdom,AnnaBarlow@fleckens.hu,078 1325 0146,Oliver,11/6/1974,Blue
female,Mrs.,Grace,C,Moran,27 Osborne Road,KING'S NORTON,,LE7 4AR,GB,United Kingdom,GraceMoran@rhyta.com,078 2312 0070,Manning,5/4/1965,Blue
male,Mr.,Ben,M,Smith,85 Neville Street,IBSLEY,,BH24 0DH,GB,United Kingdom,BenSmith@jourrapide.com,079 0490 5337,O'Brien,3/15/1929,Blue
female,Ms.,Niamh,A,Browne,93 Bishopgate Street,SEATON,,PL11 7FG,GB,United Kingdom,NiamhBrowne@teleworm.us,078 6658 1355,Richardson,1/29/1977,Orange
male,Mr.,William,L,Heath,8 Newgate Street,JERSAY,,ML7 6WR,GB,United Kingdom,WilliamHeath@fleckens.hu,077 7715 1914,Forster,11/11/1975,Blue
female,Mrs.,Naomi,T,Metcalfe,82 Coast Rd,KIRKDALE,,DG8 0JN,GB,United Kingdom,NaomiMetcalfe@einrot.com,078 5688 1997,Stephens,12/14/1944,Green
female,Ms.,Victoria,M,Cooke,36 Trinity Crescent,WHICHFORD,,CV36 0BD,GB,United Kingdom,VictoriaCooke@dayrep.com,070 0240 3256,Wyatt,6/24/1949,Green
female,Mrs.,Millie,N,Thornton,83 Brackley Road,TILLYBIRLOCH,,AB51 9SH,GB,United Kingdom,MillieThornton@gustr.com,070 6742 0175,Schofield,11/29/1970,Green
female,Mrs.,Lucy,S,Lane,99 Temple Way,WITTON PARK,,DL14 1NR,GB,United Kingdom,LucyLane@dayrep.com,070 8319 9944,Power,8/29/1946,Brown
male,Mr.,Robert,K,Barnes,95 Huntly Street,BARMOUTH,,LL42 6HT,GB,United Kingdom,RobertBarnes@fleckens.hu,078 7602 7541,Waters,4/1/1953,Blue
female,Mrs.,Mollie,J,Watson,54 Consett Rd,HILL DYKE,,PE22 8XU,GB,United Kingdom,MollieWatson@cuvox.de,070 4897 2704,Mellor,1/18/1992,Purple
male,Mr.,Samuel,R,Gilbert,47 Helland Bridge,UPPER GREEN,,RG20 4LG,GB,United Kingdom,SamuelGilbert@superrito.com,077 2425 1253,Pratt,3/4/1934,Orange
female,Ms.,Eleanor,J,Gardner,49 New Dover Rd,WALCOTT,,NR12 3BU,GB,United Kingdom,EleanorGardner@einrot.com,070 0745 3655,Murray,8/11/1986,Green
female,Dr.,Natasha,E,Sinclair,90 Eastbourne Rd,COLDEAN,,BN1 3TE,GB,United Kingdom,NatashaSinclair@rhyta.com,070 8670 0513,Pollard,1/15/1967,Black
female,Ms.,Rosie,S,Franklin,38 Botley Road,MIDDLETON,,SY11 4FD,GB,United Kingdom,RosieFranklin@dayrep.com,078 4214 1491,Hobbs,1/19/1988,Red
male,Mr.,Jayden,L,Randall,31 Botley Road,MIDDLETON,,EH23 2UE,GB,United Kingdom,JaydenRandall@fleckens.hu,070 1469 6255,Garner,1/26/1938,Blue
male,Mr.,Bailey,C,Bray,13 Boughton Rd,WICK,,BN17 4WL,GB,United Kingdom,BaileyBray@gustr.com,079 3364 1953,Knight,5/21/1942,Blue
male,Mr.,Daniel,D,Norris,74 Argyll Road,LLANDEVENNY,,NP6 1LZ,GB,United Kingdom,DanielNorris@fleckens.hu,077 8096 5307,Page,12/21/1930,Red
male,Mr.,Zak,E,Rahman,9 Golden Knowes Road,FRENCHAY,,BS16 0YA,GB,United Kingdom,ZakRahman@teleworm.us,078 2673 1526,Wong,5/31/1946,Black
male,Mr.,Logan,H,Tyler,91 Annfield Rd,BAYLES,,CA9 8EJ,GB,United Kingdom,LoganTyler@dayrep.com,077 0263 1359,Heath,1/9/1936,Brown
